{
  "replicateSamples": [
    [11.62458250418590, 13.90604262182990],
    [11.38798664013390, 11.24071778597910],
    [11.07413498373850, 11.16185249796180],
    [10.94698482550650, 10.99607444355810],
    [10.70073198741160, 10.66129934340290],
    [10.63071892560030, 10.71038896145450],
    [10.63152367343720, 10.56312010729970],
    [10.06095745706700, 10.07141917894680],
    [10.11970404916150, 10.10924232728160],
    [10.09958535323870, 10.13901799724740],
    [9.76641974875737, 9.93300255099804],
    [8.73312352616306, 8.83049801442935],
    [8.92062977216343, 8.96971939021503],
    [8.83049801442935, 8.80233184013745],
    [8.81198881418038, 8.84095973630920],
    [8.64460126410281, 8.78221314421466],
    [8.57539295012842, 8.66391521218868],
    [8.38869145196496, 8.37903447792202],
    [8.41846712193069, 8.29051221586177],
    [8.33074960770734, 8.31063091178455],
    [9.90483637670614, 9.84528503677469],
    [9.69801618261989, 9.68755446074005],
    [9.47107729261087, 9.24494315043875],
    [9.23448142855890, 9.35277936058488],
    [9.08801732224101, 9.02927073014648],
    [9.15642088837849, 9.15642088837849],
    [10.18971711097280, 9.62961261648242],
    [9.11779299220674, 9.13710694029261],
    [9.19504878455024, 9.16607786242142],
    [9.11779299220674, 9.25379537664477],
    [9.13710694029261, 9.15642088837849]
  ],
  "references": [
    {
      "value": 20.0,
      "uncertainty": 0.2,
      "controlSamples": [
        19.7380501959272,
        19.8273772058243,
        19.1377083095912,
        18.8922602193332,
        18.9324976111788,
        18.5767990672639,
        18.5574851191781,
        18.2138577928169,
        17.9289770585502,
        17.0614588903597,
        17.3881865121457,
        18.6258886853155,
        24.8312992557397,
        21.4103162010292,
        21.2421239031147,
        20.9870188388137,
        20.7319137745128,
        20.4760039623750,
        20.1597380624688,
        20.0028122342710,
        19.9633795902624,
        19.8949760241249
      ]
    }
  ],
  "ranges": [
    {
      "mode": "relative",
      "min": 1,
      "max": 20,
      "coverageFactor": 2,
      "replicateSamplesMin": 1,
      "controlSamplesMin": 1
    },
    {
      "mode": "relative",
      "min": 10,
      "max": 20,
      "coverageFactor": 3,
      "replicateSamplesMin": 1,
      "controlSamplesMin": 1
    },
    {
      "mode": "relative",
      "min": 100,
      "max": 200,
      "coverageFactor": 3,
      "replicateSamplesMin": 1,
      "controlSamplesMin": 1
    },
    {
      "mode": "relative",
      "min": 1,
      "max": 20,
      "coverageFactor": 1,
      "replicateSamplesMin": 100,
      "controlSamplesMin": 100
    }
  ]
}
